nick_name,location
civison0,Rimus
daronson1,Charenton-le-Pont
msawfoot2,Taraban Timur
wodriscoll3,Paraty
mgimson4,Praia das Maçãs
ksabine5,Maskinongé
jmicklewright6,Labège
rcroster7,Roi Et
vcallen8,Cibungur
esimeon9,Hedong
smerica,Groningen
ashephardb,Binalonan
aloudianc,Zhangjiawo
hcollinghamd,Trinity Ville
hsemkinse,Jagabaya Dua
lwintertonf,Ciawi
bhebditchg,Tenri
cmcphillipsh,Níkaia
kvallintinei,El Paso
icockerellj,Belo sur Tsiribihina
cdillintonk,Kakamega
gcristoforol,Kebonsari
nstroudm,Mingyu
lblasettin,Paarl
credleyo,Yilongyong
apennringtonp,La Concepcion
ccurnokkq,Hluboká nad Vltavou
alyndsr,Przystajń
bslorances,Hengdong Chengguanzhen
mronchit,Giesteira
pduerdinu,Tanggul Wetan
cgregolv,Pran Buri
aruslingw,Mukhen
lrickettsx,San Pedro
jausty,Jingchuan
gblabeyz,Matou
xedmenson10,Tegalgede
lmardell11,Bielice
cprobey12,Rudnya
pstienton13,Kharp
baksell14,Gowa
noluby15,Sieradza
fgolt16,Bununu Dass
rdubique17,Tekes
lbeddoe18,Norrahammar
ewybrow19,Duhu
kbaron1a,Gweru
gboundey1b,George Hill
sspon1c,Lomboy
meccleshare1d,Qianxu Zhen
jkenway1e,Jiandou
rspoors1f,Parque Industrial
jmerrigan1g,Domalanoan
ttwallin1h,Gōdo
ktocknell1i,Aswan
gjoney1j,Belovodskoye
ryven1k,Gornja Koprivna
bcritchard1l,Leijiadian
shansford1m,Donostia-San Sebastian
hbenjafield1n,Üydzen
cmerrifield1o,Taouloukoult
iklaves1p,Shah Alam
gpearcehouse1q,Steinkjer
vrapa1r,Ulricehamn
mmecco1s,Skála
hdaintry1t,Chai Badan
ebackson1u,Shangjin
glarner1v,Jōetsu
ncaulkett1w,Paucar
smawhinney1x,New Orleans
censor1y,Rzyki
pbartlet1z,Białośliwie
ghame20,Umanggudang
gfarndon21,Arada
datcherley22,Dowr-e Rabāţ
atreace23,Mazkeret Batya
jgerrell24,Krajanbaturno
btriplett25,Shōbara
ljahnke26,Maquiapo
flong27,Baizhong
sjoutapavicius28,Cihaurbeuti
rvasiliu29,Mŭglizh
flimeburner2a,Waihi Beach
rkeijser2b,Hongsung
kszanto2c,Francisco Villa
gsheard2d,Novodmitriyevskaya
ckivlin2e,Arroyito
phundall2f,Alkmaar
acapehorn2g,Mircze
kmashro2h,Valdemarsvik
zallerton2i,Riachos
ocorain2j,General Roca
jcosgreave2k,Nurota Shahri
gbollam2l,Povedniki
jtroillet2m,Gucheng
nniemetz2n,Perjuangan
mgrzelewski2o,Dashi
cteissier2p,Tenggong
lpelman2q,Micoud
wfenelow2r,Banjarwaru
otweedy2s,Xiaolan
grehn2t,Corumbá
cstonner2u,Ruma
nwaliszewski2v,Zmeyskaya
kqualtrough2w,Croissy-sur-Seine
esuermeier2x,Hanghuadian
ktreasure2y,Ligang
mantonijevic2z,Laboulaye
dmccluney30,Zhucun
drottgers31,Teresópolis
mbehnke32,Tumbes
gwind33,Finzes
lrawsthorn34,Christiana
blagen35,Gardutanjak
cchoudhury36,Issoudun
kcromar37,Qingzhou
amyrie38,Novozavedennoye
berwin39,Bato
echubb3a,Katrineholm
twalaron3b,Ngroto
jshieber3c,Belogorsk
jbonson3d,Petrikov
icrocetti3e,Yekaterinovka
mhebson3f,Tieling
zpretor3g,Illéla
gcoules3h,Angochi
driddiford3i,Karakulino
wconeron3j,Gostivar
mimore3k,Meshcherino
mbaber3l,Manalongon
fhyder3m,Sukorejo
rdripp3n,Kranggan
bcolleford3o,Bohicon
bmainds3p,Niebylec
tprince3q,Sioah
jfulker3r,Linstead
oworton3s,San Mateo
ebaddeley3t,Teberda
pdolman3u,Jhingergācha
efeben3v,Zaytā
bgair3w,Przybiernów
ablandamore3x,Purwasari
lgallafant3y,Korniyivka
adeem3z,Taurija
cmarwood40,Tatou
iponceford41,El Quebrachal
rdevaney42,Nūr
unowick43,Peresvet
ivoss44,Kamennogorsk
kblackshaw45,Luowan
amckeachie46,Ngrejo
bhammand47,Weda
ecanellas48,Świnna
rwillshere49,Lipsko
cgribbins4a,Parakanhonje Wetan
mhedditch4b,Yelenendorf
smcgowing4c,Jardin
swhanstall4d,Florencia
csmetoun4e,Dziemiany
einfantino4f,Shchūchīnsk
ogummie4g,Fray Luis A. Beltrán
rsifleet4h,Merik
cmccaughan4i,Phan Thong
bcrips4j,Zhusha
bgoede4k,New York City
tloyd4l,Qal‘ah-ye Shahr
jravilious4m,Ibarra
hplumtree4n,Gia Ray
lmckelvie4o,Gurra e Vogël
pbroz4p,Yirga ‘Alem
kskyram4q,Napoles
gmilksop4r,Nao
jandrelli4s,Lourdes
iroxbrough4t,Laoxialu
tshaughnessy4u,Verona
rmassingberd4v,Sentani
rsorby4w,Kuala Lumpur
ddoylend4x,Saint-Lin-Laurentides
hebden4y,Alexandroúpoli
meves4z,Gwadabawa
cbrabon50,Shahrak
bchaster51,Guisguis
tclubb52,Balayong
rclampton53,Las Vegas
hboshell54,Weishanzhuang
gconkey55,Palmdale
tkenzie56,Chuanshan
cwanstall57,Zhongdong
jpidcock58,Mangulile
eoosthoutdevree59,Hanjia
rparlatt5a,Bascaron
ccranham5b,Sastöbe
wdellenty5c,Juwana
rlenoir5d,Daet
mrupert5e,Maigo
kskates5f,Tanahwurung
phoggan5g,Palca
cdigwood5h,Bandar-e Torkaman
shelstrom5i,Utsjoki
rbampton5j,Huangma
rruit5k,Situbondo
dgeertje5l,Altan Emel
gmacgaughy5m,Zhendeqiao
kscarlett5n,Cilolongokan
horlton5o,Lubao
tlindfors5p,Pereira
mmcclifferty5q,Lunenburg
dbussell5r,Hongjiaguan
cfinch5s,Villa Aglipay
jcolquete5t,Sandakan
mcabrera5u,Damascus
fscrancher5v,Gbawe
hcharlick5w,Zhongguan
sbulward5x,Shanling
btattam5y,Shaogongzhuang
jelward5z,Milove
bdillingham60,Puerto Rico
sfipp61,Numata
obenettelli62,Montaneza
dnewis63,Wugong
hskill64,Salzburg
bargile65,Crateús
mrennolds66,Kayakent
lewings67,Bergen
pcohalan68,Piotrków Kujawski
vdosdill69,Antagan Segunda
aronaldson6a,Guangchen
dvanmerwe6b,Mehron
nfain6c,Wiang Nuea
npadbury6d,Horad Pinsk
aabry6e,Akonolinga
mjakoubec6f,Jalatrang
cainsley6g,Patos de Minas
bstead6h,Toulouse
cjesse6i,Ugra
kvallerine6j,Quatre Bornes
rbriance6k,La Puerta de San José
cpower6l,Huaquillas
lglede6m,Fukou
apiotr6n,Tong’an
kovendon6o,Afanas’yeva
pfather6p,Świecie
hcanadas6q,Tadmur
hsummers6r,Mezhevoy
kshearn6s,Mityana
rmannering6t,Krzykosy
aburleigh6u,Nowa Dęba
bstoyle6v,Soufrière
rwaldera6w,Catalina
lstaniforth6x,Turnišče
jvarnam6y,Bunia
shansell6z,Bāmyān
awinscum70,Caoping
fmaccaffrey71,Chengqu
vclother72,Aguiar da Beira
hwilshaw73,Stockholm
mlatch74,Waihi Beach
tflipek75,Drogomyśl
lhatchette76,Kudang
scutford77,Osan
aduran78,Bagikkedok Lauk
ekapiloff79,Nanganga
sducarne7a,Rosice
bmillins7b,Teresina
bashbolt7c,Greensboro
wmears7d,Az̧ Z̧alī‘ah
mwestrip7e,Liangzeng
cfiveash7f,Dabola
iconcklin7g,Cikarang
hperton7h,Saint-Maurice-l'Exil
mrobbel7i,Järfälla
hdelgardo7j,Voždovac
thearon7k,Karangagung Timur
eskryne7l,Encontrados
bfalkner7m,Wotan
smountcastle7n,Aguitu
gblunsen7o,Fosses
pdibson7p,Drogomyśl
cradden7q,Yarang
iilem7r,Atap
fmerredy7s,Kulpin
jjewson7t,Västerås
fstivers7u,Pangai
mbantham7v,Paldiski
radlam7w,Finspång
rheino7x,Nashville
aedeson7y,Ikeja
rjakeman7z,Peachland
cmilmoe80,Báguanos
lellsbury81,Sidzina
jworsall82,Sidu
mbeckles83,Zürich
gmapother84,Chulabhorn
ccolquite85,Pondokrejo Wetan
fdurling86,Can-asujan
agolborn87,Altamira
gmcilwreath88,Drohobych
rarens89,Angkahgede
fmobberley8a,Jianghai
hpeake8b,Ronda
kkermit8c,Phan Rang-Tháp Chàm
aghidelli8d,Orion
khysom8e,Shuren
fpresshaugh8f,Bronx
lvarker8g,Gornji Grad
sritchley8h,Velká Dobrá
ckeiley8i,Bicos
rorehead8j,Sena Madureira
zseabrocke8k,Adjumani
jallone8l,Banjar Pasekan
equenby8m,Orion
tover8n,Tongle
dgoard8o,Oslo
kkayser8p,Santa Cruz do Sul
dschuelcke8q,Oju
tbeels8r,Cempaka
kbinney8s,Quezalguaque
mpideon8t,Vitina
mmarkovich8u,Nowosielce-Gniewosz
dkille8v,Magdeburg
moharney8w,Cilolohan
smedwell8x,Sandur
qhymus8y,Kristinehamn
sgarretts8z,Vicente Guerrero
ecleworth90,Qarqīn
yleyrroyd91,Santa Elena de Uairén
cnuzzetti92,Lingkou
bgehricke93,Getazat
rlevicount94,La Falda
dcomley95,Shengli
garrault96,Adigeni
bstain97,Temanjang
htokley98,Niedźwiada
calsobrook99,Rietavas
bstorch9a,Obudu
aszwarc9b,Gur’yevsk
pcrews9c,Al Qadarif
gstatefield9d,Vũ Quang
cwhittlesea9e,Shiyan
dmcfarlane9f,Malczyce
mbracey9g,Allen
pdurman9h,Isla Pucú
ftaylor9i,Kongolo
rperis9j,Kinshasa
jcruwys9k,Puerto Quijarro
akirman9l,Ramiriquí
enatalie9m,Daigo
sbehnecke9n,Ngala
llivezey9o,Zelenogorsk
rbocock9p,Saint-Laurent-du-Var
wmizzen9q,Cihaur
vwitty9r,Strathmore
lbrolly9s,Kwekwe
bfierro9t,Yŏnan-ŭp
bbalam9u,Bulag
sgeorgescu9v,Huayllo
bdenton9w,Agrelo
nwillcox9x,Sigou
rkulis9y,Jinshan
hmatthisson9z,Bulangan
lryotta0,Esil
adecastelaina1,Perelhal
bdemera2,Caticugan
jrittmeyera3,Zhangfeng
akeilinga4,Dabagou
dgoodsala5,Rimpakgede
bsnasela6,‘Ajlūn
ahallewella7,Donghe
cmacnellya8,Karanganyar
rrenfortha9,Wuxiang
trenihanaa,Komsomol’s’ke
rjaffaab,Florianópolis
wwabersinkeac,Rey
wjimsonad,Ngerengere
vmeeusae,Panganiban
theggadonaf,Dongxing
rsigartag,Camperdown
lworsallsah,Bejucal
glintillai,Sanjō
rsinderlandaj,Guaíba
scorbertak,Rogoza
rseeral,Kabo
rbissillam,Oslo
cstinchcombean,Amieira
pwestfrimleyao,Psevdás
phawsap,Hongqiao
hmcquillanaq,Ikeda
wdezuaniar,Llazicë
mpescodas,Baldone
sewerat,Vila Franca das Naves
slawsonau,Herne
sverteyav,Pedro Leopoldo
froelofsenaw,Kensington
mpleveyax,Shiraoi
cficklingay,Obeliai
adudenieaz,Sabinópolis
gmurtb0,Osa
sdyersonb1,Shiqiao
aebdonb2,Novopokrovskaya
rpenneyb3,La Ceja
rluisb4,Mojomulyokrajan
tbifieldb5,Santo Domingo
gprobyb6,Ágios Athanásios
dredmoreb7,Rungis
imuffordb8,Skrzydlna
mchinnockb9,Tajinan
cfarrellba,Yaqian
rstonehousebb,Jiuguan
vanthoinebc,Wojcieszków
amahonybd,Przemyśl
avondracekbe,Swindon
gjendrysbf,Dapo
gnealbg,Aco
dgillianbh,Marco de Canaveses
mpinyonbi,Banraeaba Village
rgreguolbj,Nyzhni Sirohozy
dsnazlebk,Xianlin
dgavinbl,Tempurejo
sfairburnebm,Malakand
mgirardinbn,Hongyang
gborlesbo,Songjianghe
mbrothwoodbp,Santo Estêvão
btracebq,Guruyan
mmettrickbr,Kristianstad
acranstounbs,Vilarelho
tloffheadbt,Lonya Chico
lbullionbu,Al ‘Azīzīyah
psnasdellbv,Glyadyanskoye
rcrummaybw,Tan-Tan
dboamebx,Tianguá
nsanchisby,Nusajaya
bnorthwoodbz,Sanchang
farchboldc0,Baixiang
aticec1,Waiholo
sschneidarc2,Nishinoomote
gdorosarioc3,Joal-Fadiout
mabdenc4,Baghlān
hnutbeamc5,Marieville
hcotec6,Hechuan
krookwellc7,Liudong
nkupperc8,Pakxé
nstratzc9,Tân Hiệp
ktylorca,Bulacnin
ethickettcb,Podgornaya
mofihilliecc,Tianchang
rcreboecd,Cedynia
nrennebeckce,Reconquista
kstanleycf,Stadtbredimus
dspurrettcg,Haymā’
ncaghych,Jianyangping
dfatscherci,Tecpán Guatemala
hcoopmancj,Qaffīn
rtomsuck,Sumberbakti
ewishercl,Bulri
lweightcm,Upig
milyenkocn,General Alvear
hwetherellco,Tangxi
wrobiotcp,Dungon
pgirardengocq,Gushui
mhilldropcr,Comandante Fontana
ylavaldecs,Los Angeles
jpaddingdonct,Xunqiao
ahakescu,Tingloy
esharrockscv,Xinquansi
cmarfecw,Changshou
dcaproncx,Purral
lkitteridgecy,Yangjingziwan
ssapsoncz,Middelburg
lhardacred0,Queimados
kmushetd1,Dazuo
cdallasd2,Severomorsk
ltommeod3,Diaofeng
iscoffhamd4,Kiboga
ssawfordd5,Novi Kneževac
cgallod6,Jiangmen
jfancourtd7,Yancheng
jyakuntsovd8,Jingxi
dhodgetsd9,Dollard-Des Ormeaux
bblaxillda,Coronda
kheathorndb,Tawau
emcauslandc,Coronda
eolindd,Ojos de Agua
rdwightde,Aghavnatun
bhathwaydf,Altan-Ovoo
akeavedg,Mazatenango
vduffandh,Liangzeng
cwoltmandi,Manisi
showlindj,Tazarine
tfinlatordk,Bell Ville
cdamrelldl,Elaiochóri
slarsendm,Cill Airne
cputterilldn,Mölndal
cvalasekdo,Villa Serrano
uharwickdp,Francisco I Madero
rmugglestondq,Luena
nconiamdr,Independencia
lgelardids,Xinan
cgallifontdt,Longtan
mgreensitedu,Kota Kinabalu
acornnerdv,Batasan Bata
bstutdw,Cà Mau
swillischdx,Marićka
aedmonstondy,Yushugou
tvitlerdz,Haozhai
sgeertjee0,Montasik
pghiroldie1,Ganjaran
tfellenore2,Leleque
oearle3,Guanmiao
ogershome4,Ichuña
mfludgatee5,Micheng
truggse6,Vasyshcheve
tgarzae7,Frederiksberg
tbuckhurste8,Huaping
cberrisforde9,Al ‘Awjā
avaadelandea,Sukarame
ipocketteb,Barrhead
bgrestieec,Pantano do Sul
vpaprotnyed,Lyaskovets
alidgertwoodee,Kota Bharu
nrymillef,Ciechocin
ipineauxeg,Caluya
bjeuneeh,Burgkirchen
mocuddieei,Mattaldi
tskeenej,Shancheng
gconnerryek,Dal’neye Konstantinovo
ebendixel,Krajan Langenharjo
lprestedgeem,Hallstahammar
wtrevaskusen,That Phanom
amacdermideo,Tanūmah
ntrickeyep,Pereira
rbrendeeq,Xuanhua
hkesteller,Santa Elena de Uairén
evazes,Mobai
dkieltet,Ashiya
ehartgilleu,Vicente Guerrero
naggissev,Tomas
nfishleyew,Hatava
smaybeyex,Woha
lscholeyey,Dunhao
etwiggez,Yuelai
vwaudf0,Sebu
dmaxtedf1,Al Ḩarajah
tcolcloughf2,Suwaru
ywhaymanf3,Kopparberg
ccuardallf4,Pacaraos
ohurdf5,Yabuli
jmyhanf6,Konstantinovskoye
dollerhadf7,Yanggu
dgrintf8,Veselynove
scarassf9,Sokol’skoye
jmanderfa,Sukamulya
cdevonaldfb,Tazemmourt
merskinefc,Padangbatung
mellowayfd,Bakıxanov
mdavionfe,Kičevo
gtweddellff,Cilegong
rmccroriefg,Łubnice
tmaggifh,Tögrög
aizattfi,Suining
bdreweryfj,Lagunillas
hgrimmertfk,Carapelhos
afutterfl,Sigou
jsaphirfm,Ujungpangkah
gbardayfn,Venda do Valador
bchamberlainefo,Huangtu
lodooganfp,Huangyang
trudledgefq,Nezhinka
ffiggerfr,Zbarazh
nfrithfs,Bangkle
fivicft,Buldon
nwinklefu,Tokarnia
kpirtfv,Bastos
kkillefw,Karangasem Laok
bmatulafx,Frederiksberg
gmackibbonfy,Tarimbang
rjozeffz,Baganha
aeburahg0,Allen
mloverockg1,La Floresta
daultg2,Gaokan
jwelbourng3,Curanilahue
mmcgeeverg4,Zlatoust
npossekg5,Cinagrog Girang
jzavittierig6,Cachada
clissendeng7,Sidzina
sshillingfordg8,Sigetec
wlaxstong9,Armação de Búzios
modonohuega,Brześć Kujawski
emcgaugheygb,Pimentel
lbrabbsgc,Shouchun
bsavillgd,Steinkjer
mmarrege,Kubachi
lquantrellgf,Pangkalan
lbiskupiakgg,Chisec
flucksgh,Nila Dua
ghrinchishingi,La Esmeralda
rmousbygj,Lingmen
sheadleygk,Church End
acluesgl,Retreat
eyellandgm,Jiang’an
vfleckneygn,Even Yehuda
noxnamgo,Tecpán Guatemala
rpierceygp,Shīnḏanḏ
smouldsgq,Shanhou
ymckerleygr,Causip
jbreachegs,Clearwater
bclashegt,Maych’ew
btondeurgu,Meliau
rdarbyshiregv,Voyutychi
mrosensaftgw,Philadelphia
tkenwoodgx,Patrída
dgerantgy,Pueblo Viejo
rbushelgz,Santa Maria
sbortolomeih0,Santiago de Chuco
rkynsonh1,Liushutun
rglabachh2,Tabia
jepinayh3,Yantak
llilburneh4,Matou
jlampenh5,Sukasenang
emerielh6,San Miguel de Cauri
gklinkh7,Qingliu
mmandellh8,Zhongxi
oalchinh9,San Ramon
sbussettiha,Lanuza
djoburnhb,Dujiajing
hboughtonhc,Storuman
cbroadberryhd,Pantai Ceuremen
anorthillhe,Tahoua
amclewdhf,Rybno
fbalbeckhg,Zhangdian
lpresleyhh,Tubungan
teasenhi,Bánica
rcaffreyhj,Beijiang
kcorcoranhk,Zainsk
wsammonshl,Wukou
rbonelliehm,Nanyuan
ceidlerhn,Beitou
kjearumho,Beixiaoying
plyverhp,Situ
gdrillothq,Montecarlo
eberlinhr,Krasnotur’insk
jbenitezhs,Shengli
adroverht,Hulu
lwhittleshu,Mtsensk
whargravehv,Pereira Barreto
bmonteithhw,Felege Neway
tpesterhx,Luofang
ckleinzweighy,Breda
kroumierhz,Janūb as Surrah
westevezi0,Doyong
bfarquari1,Kołaczyce
rpiggfordi2,Aveleda
tchesleyi3,Perbaungan
omaynei4,Phra Phutthabat
tbricklebanki5,Sukojember
cbabcocki6,Baima
tslineyi7,Huangtang
tortelti8,Puerto Maldonado
mvigari9,Maizuru
woverellia,Kasamatsuchō
srounceib,Kuala Terengganu
jquartlyic,Winneba
dginieid,Puamata
gmackainie,Tiandeng
mfraineif,Juliaca
mjakawayig,Tiel
smacwilliamih,Faya-Largeau
lscraneii,Ocumare de la Costa
baddersonij,Quinta dos Frades
jemmanuelik,Jinjiahe
lglanesteril,Zhaojia
fcouzensim,Kosan
nphilipsenin,Saint-Bruno
fparncuttio,Avignon
gmckeeverip,Toul
pcrackeriq,Samashki
ashawellir,Kalugmanan
jcookneyis,Svalöv
bmaclureit,Peranap
gmackiniu,Los Palacios
watthowiv,Bromma
sgilyattiw,Shanjeev Home
abilovusix,Pakokku
scotoniy,Liuji
jdelmonteiz,Khānewāl
cyegoshinj0,Tucurú
msporesj1,Kargowa
bbuffyj2,Érd
jvicej3,Caçapava
ldufrayj4,Harjamukti
edavidowskyj5,Magtangol
blepopej6,Garmo
tbladerj7,Guaduas
lcosinsj8,Krylovskaya
tmuckersiej9,Cedar Rapids
psemmenceja,Leuwipicung
rhecklejb,Uruçuca
tcellonejc,Bendosari
jmainstonejd,Veisiejai
gvereyje,Kifrī
blavrickjf,Klagen
dschustljg,Surubim
mpetticanjh,Nagrog
aspainji,Sinazongwe
bpurseglovejj,Gaocun
bextencejk,Wierzchucino
jscopesjl,Obolo-Eke (1)
cetuckjm,Hobo
ajacobsohnjn,Tamanan
ojancyjo,Changlong
tmckeagjp,San Juan del Cesar
fskedgelljq,Taling
isymmsjr,Carvalhal da Aroeira
tduligaljs,Ma‘dān
lpashjt,Kunvald
rpetrassoju,Huangshagang
mvirgojv,Dāngām
ttaftjw,Suining
tjanskyjx,Skoghall
cduffyjy,Shicheng
speresjz,Bungereng
rcasinik0,Chateaubelair
fgallk1,Ovalle
abodicamk2,Miskolc
eminshullk3,Qorashina
lbaisek4,Kafr Dān
wreevek5,Debre Zeyit
fmackledenk6,Anzihao
tschlaghk7,Anjia
igrewk8,Motala
aginglellk9,Dagang
bhawtinka,Imari
fmoncarrkb,Rönninge
qlahertykc,Yandun
ldinsmorekd,Al Lagowa
lgonthierke,Frederiksberg
ljonahkf,Sabadell
hcrusekg,Badar
llarouxkh,Añatuya
kdecreuzeki,Sivers’k
aaitkenheadkj,Bandeirantes
echurcheskk,Barretos
jnewsomekl,Sokolov
aposselwhitekm,Calçada
rfindlaterkn,Parramos
fortsmannko,Karlskoga
bjepensenkp,Xucheng
dbargekq,Chenfangji
treinbechkr,Bonthe
tgodfreyks,Boucinha
gyirrellkt,Nofoali‘i
chembrowku,Margoyoso
clehrerkv,Jinniu
mvillakw,Machida
mgooderekx,Krajan Kinanti
gabbadoky,Jobabo
ohawkz,Dashuipo
mcumingl0,Pahing Pamulihan
fhartwrightl1,Chiclayo
mwoodyearel2,Tīrān
emouldl3,Libenge
etesaurol4,Krojo
jhurranl5,Mar’’ina Horka
nmazonowiczl6,Gorzkowice
kartinstalll7,Ulety
jdifilippol8,Zaječar
rfranceyl9,Barrie
rcrilleyla,Le Mans
dgallielb,Sebadelhe
klinleylc,San Vicente
aoquinld,Qishn
rrubbertsle,Jingdezhen
mjakubovskilf,Riihimäki
lhalloweslg,Kishorganj
mfontenotlh,Patayac
cfidelerli,Kalatongke
bofeenylj,Tonglin
prowneylk,Tišina
adunkerleyll,Tuapukan
natwoodlm,Pedregulho
aseabrockeln,Ovsyanka
hstalmanlo,Delod Pangkung
ekrugerlp,Cirahab
lvanylq,Kuytun
aleyrroydlr,Säffle
cmessierls,Tsuma
zkemsterlt,Gaofeng
tanfreylu,Martingança
eborgarslv,Chegdomyn
aalvaradolw,Kalajoki
ekristofferssonlx,Ameixoeira
wbleazardly,Tondano
fpauluslz,Mariental
ljonssonm0,Yong’an
eradleym1,Baxiangshan
dwoosnamm2,Mahuta
borromm3,Dessalines
strewmanm4,Lesnoye
dsaunierm5,Ebetsu
mmcileenm6,Potoni
atoombsm7,Cruzeiro
chainm8,Riebiņi
ktunnockm9,Xinjiezi
kfoggma,Blatnica
msiddensmb,Sirindhorn
byannonimc,Hastings
hpanchinmd,Huangshan
kmossmanme,Quinta de Valadares
ybrighammf,Hafrsfjord
arickhussmg,Tugulym
gpollittmh,Santa Maria
mcashmanmi,Granada
rjakucewiczmj,Dasha
sbatrammk,Maubeuge
leustanchml,Nachalovo
gpetrichatmm,Tailing
srippenmn,Phu Luang
kgartrellmo,Lashio
kdalgarnomp,Junzhuang
rrobjantmq,Bakadagy
acawtemr,Pompano Beach
swindlems,Saraqinishtë
wmeiklemmt,Lethem
bhicksmu,Linglu
mwalkowskimv,Kedungcangkring
jbreckinmw,Kolomak
jreynoolldsmx,Misasi
aedmottmy,Potosí
wgelletlymz,East Migpulao
cbogaysn0,Xinmin
mmelbournen1,Dagar
vbentken2,Delft
channeyn3,Bulung’ur
rklossn4,Uwelini
seccersleyn5,Baishuitan
alaydeln6,Karangsonojabon
srosentholern7,Oster
nstophern8,Bernardo de Irigoyen
jimpeyn9,Zhengyangshan
hcinellina,Yubilyeyny
descudiernb,Gīdolē
lmarrisnc,Pingshan
cphilipnd,Medeiros Neto
asussansne,Changshou
tbendnf,Combapata
amasserng,São José dos Campos
jcoxennh,Bīrganj
bturmellni,São Francisco
mterrisnj,Ḩammām Damt
upoulgreennk,Dubá
aderricoatnl,Włosienica
estothardnm,Uyutne
ezylbermannnn,Payaman
ichesnayno,Sangzhen
lsmidmornp,La Rochelle
mvidanq,Pira
strentnr,General Viamonte
fhibbartns,Ambanja
fsucklingnt,Chilmāri
ldenerleynu,Tambo Grande
crendlenv,Taroudant
atarriernw,Santa Iria de Azóia
mclellnx,Hoàn Kiếm
rtrevonny,Yangliu
cfriedanknz,Somita
rclelando0,Gimbi
hlearmoutho1,Johor Bahru
kembyo2,Zerkten
orichemonto3,Colonia Aurora
fgawkrogeo4,Sanhui
fscrowsono5,Montauban
sdrissello6,Emar
fmuinoo7,Ḩadādah
rvasico8,Qinglong
bchaffeno9,Ogōri-shimogō
eovingtonoa,Caitang
hnewnhamob,Kabukarudi
kcrawforthoc,Ciharalang
rciccettiod,Honghua’erji
gpittendreighoe,Danderyd
lotteridgeof,Barcelona
mjobbinsog,Skhodnya
tspillaneoh,Bardaskan
sshillanoi,Pekuwon
dclymeroj,Hyesan-dong
mcramok,Rikitgaib
dpearmanol,Francistown
euttonom,Trbovlje
nhodgeon,Jiangshan
ekytteroo,Kurumoch
jstquentinop,Bussum
sdenyukhinoq,Barreiro do Jaíba
eortneror,Pondoktelo
aflelloos,Tieba
jdilletot,Chilly-Mazarin
wbrowneou,Hucheng
ehawkeridgeov,Yaosai
vlowthianow,Pictou
sstillingox,Shaami-Yurt
vwillacotoy,Sabaneta
bheadingsoz,Castainço
jstatterp0,Eschweiler
jmcerlainep1,Jobabo
cmarcop2,Damaishan
whawksbyp3,Valerianovsk
wcapronp4,Pasirhuni
larmalp5,Migues
tingerithp6,Erandique
cstonierp7,Nambalan
fpalethorpep8,Wijewo
klukehurstp9,Topeka
fgoosepa,Labé
amatthensenpb,Phon Phisai
jziemeckipc,Karak
cstokespd,Pedregal
aaverype,Paingar
vcastropf,Mapiripán
kwortleypg,Tamamura
jjowittph,Lubuk Sikaping
ncropppi,Křížová
mblachfordpj,Czernice Borowe
dpriestnallpk,Longtian
odowkerpl,Kvissleby
vkiebespm,Tadrart
akupecpn,Magog
cmarquotpo,Wangunsari
dendleypp,Lubień Kujawski
sfrisepq,Galaz
owoolmingtonpr,Moulins
mgorussops,Ninghai
bbachelorpt,Tegalrejo
dbaildonpu,Santiago de Cuba
yrendbaekpv,Lourdes
ihuggonspw,Siak Sri Indrapura
olampittpx,Xunhe
bkellawaypy,Isperikh
bproudlerpz,Ust’-Labinsk
dlangelayq0,Saint John
csineyq1,Saint Hubert
kcosstickq2,Qingyang
awestheadq3,Fayzabad
fmcdowellq4,Huayuan
hcharretteq5,Wubao
krufflerq6,Helsingborg
jnewlingq7,Kemendung
kboughtwoodq8,Novais
ocharlewoodq9,Ḥurfeish
demmanuelqa,Káto Miliá
rarchbellqb,Río Guayabal de Yateras
mblanchetteqc,Chinju
scarmoqd,Haoshui
bcroneenqe,La Unión
jtapplyqf,Podkumskiy
xaitchinsonqg,Budapest
rsloeyqh,Maguilling
tmowbrayqi,Nema
wmeneghelliqj,Badou
rsteartqk,Dagur
fkearql,Fengshuling
vdictyqm,Mao
rdanyqn,Bududa
mgoroniqo,Autun
hvanderbekenqp,Aserrío de Gariché
cguiseqq,Czarnowąsy
ckeadyqr,Zhalinghu
hbutlinqs,Bakung
aanglessqt,Yushang
mleyqu,Desē
pdrainqv,Malakand
dmcsheaqw,San Juan de Planes
wbodimeadeqx,Mogapinyana
aruslingqy,Liangshuijing
eschuleqz,Brits
jbrixeyr0,Émponas
lhawkeridger1,Houjiagang
gkeinratr2,Criação Velha
adeplacidor3,Ust’-Abakan
hbernlinr4,Hongxingqiao
mvarvellr5,Sutukoba
basmanr6,‘Ayn an Nasr
tdoileyr7,Butwāl
hvoulesr8,Gaoqiu
syannonir9,Richmond
gmcshirriera,Panggungrejo
nkenninghamrb,Vårgårda
bhallamrc,Tuusula
lmclaganrd,Washington
vbolgerre,Sovetskaya Gavan’
hscoffinsrf,Langqi
vshackletonrg,Zhoukoudian
jbraemerrh,Shuicha
bcocktonri,Oporapa
bpeachmentrj,Ribeiro
lennionrk,Jaguaquara
ggirtinrl,Belyye Stolby
rglassonrm,Luže
mhallihanern,Jiangwan
tmeiningerro,Jiangpu
rlowrancerp,Gorgoram
hbaskeyfiedrq,Bataiporã
tcarradicerr,Mkiriwadjumoi
